{
  "Component-preload.js.map": 1761787634992,
  "test/integration/pages/ValueContractsObjectPage.js": 1761714457274,
  "test/integration/pages/ValueContractsList.js": 1761714457274,
  "test/integration/pages/JourneyRunner.js": 1761714457306,
  "test/integration/opaTests.qunit.js": 1761714457230,
  "test/integration/FirstJourney.js": 1761714457286,
  "ext/controller/ListReport.js": 1761785026667,
  "test/testsuite.qunit.js": 1761714456898,
  "xs-app.json": 1761787613263,
  "manifest.json": 1761778226492,
  "Component.js": 1761714454886,
  "test/integration/pages/JourneyRunner-dbg.js": 1761714457306,
  "test/integration/pages/JourneyRunner.js.map": 1761787634910,
  "test/integration/pages/ValueContractsList-dbg.js": 1761714457274,
  "test/integration/pages/ValueContractsList.js.map": 1761787634860,
  "test/integration/pages/ValueContractsObjectPage-dbg.js": 1761714457274,
  "test/integration/pages/ValueContractsObjectPage.js.map": 1761787634910,
  "test/integration/opaTests.qunit-dbg.js": 1761714457230,
  "test/integration/opaTests.qunit.js.map": 1761787634863,
  "test/integration/FirstJourney-dbg.js": 1761714457286,
  "test/integration/FirstJourney.js.map": 1761787634912,
  "ext/controller/ListReport-dbg.js": 1761785026667,
  "ext/controller/ListReport.js.map": 1761787634918,
  "test/testsuite.qunit-dbg.js": 1761714456898,
  "test/testsuite.qunit.js.map": 1761787634913,
  "Component-dbg.js": 1761714454886,
  "Component.js.map": 1761787634912,
  "Component-preload.js": 1761787634992,
  "i18n/i18n.properties": 1761714516006,
  "test/integration/opaTests.qunit.html": 1761714457230,
  "test/assets/prospect-report.png": 1761715845204,
  "test/assets/prospect-report.pdf": 1761715845124,
  "test/assets/prospect-report.jpg": 1761715845220,
  "test/assets/ContractIcon.png": 1761715845124,
  "ext/fragment/ProspectReportNew.fragment.xml": 1761787333403,
  "test/testsuite.qunit.html": 1761714456822,
  "test/flpSandbox.html": 1761714456734,
  "assets/prospect-report.png": 1761715797748,
  "assets/prospect-report.jpg": 1761715797664,
  "assets/prospect-report-before.pdf": 1761715797832,
  "assets/prospect-report-after.pdf": 1761715797828,
  "assets/ContractIcon.png": 1761715797572,
  "index.html": 1761714454974
}