{
  "assets/prospect-report-after.pdf": 1761715797828,
  "ext/controller/OPExt.controller.js": 1761901054148,
  "test/integration/pages/ValueContractsList.js": 1761714457274,
  "test/integration/pages/JourneyRunner.js": 1761714457306,
  "test/integration/opaTests.qunit.js": 1761714457230,
  "test/integration/FirstJourney.js": 1761714457286,
  "ext/controller/ObjectPage.js": 1761901097223,
  "test/integration/pages/ValueContractsObjectPage.js": 1761714457274,
  "ext/controller/ListReport.js": 1761852286675,
  "test/testsuite.qunit.js": 1761714456898,
  "xs-app.json": 1761901372702,
  "manifest.json": 1761879659129,
  "Component.js": 1761877718596,
  "ext/controller/OPExt-dbg.controller.js": 1761901054148,
  "ext/controller/OPExt.controller.js.map": 1761901382288,
  "test/integration/pages/ValueContractsList-dbg.js": 1761714457274,
  "test/integration/pages/ValueContractsList.js.map": 1761901382286,
  "test/integration/pages/JourneyRunner-dbg.js": 1761714457306,
  "test/integration/pages/JourneyRunner.js.map": 1761901382285,
  "test/integration/opaTests.qunit-dbg.js": 1761714457230,
  "test/integration/opaTests.qunit.js.map": 1761901382286,
  "test/integration/FirstJourney-dbg.js": 1761714457286,
  "test/integration/FirstJourney.js.map": 1761901382289,
  "ext/controller/ObjectPage-dbg.js": 1761901097223,
  "ext/controller/ObjectPage.js.map": 1761901382299,
  "test/integration/pages/ValueContractsObjectPage-dbg.js": 1761714457274,
  "test/integration/pages/ValueContractsObjectPage.js.map": 1761901382290,
  "ext/controller/ListReport-dbg.js": 1761852286675,
  "ext/controller/ListReport.js.map": 1761901382297,
  "test/testsuite.qunit-dbg.js": 1761714456898,
  "test/testsuite.qunit.js.map": 1761901382291,
  "Component-dbg.js": 1761877718596,
  "Component.js.map": 1761901382294,
  "Component-preload.js": 1761901382567,
  "Component-preload.js.map": 1761901382567,
  "test/integration/opaTests.qunit.html": 1761714457230,
  "test/assets/prospect-report.png": 1761715845204,
  "test/assets/prospect-report.pdf": 1761715845124,
  "test/assets/prospect-report.jpg": 1761715845220,
  "test/assets/ContractIcon.png": 1761715845124,
  "ext/fragment/ProspectReportNew.fragment.xml": 1761875599495,
  "test/testsuite.qunit.html": 1761714456822,
  "test/flpSandbox.html": 1761714456734,
  "assets/prospect-report.png": 1761715797748,
  "assets/prospect-report.jpg": 1761715797664,
  "assets/prospect-report-before.pdf": 1761715797832,
  "i18n/i18n.properties": 1761714516006,
  "assets/ContractIcon.png": 1761715797572,
  "index.html": 1761714454974
}