{
  "test/integration/opaTests.qunit.html": 1761712344921,
  "test/integration/FirstJourney.js": 1761712345009,
  "test/integration/pages/KeyCustomersList.js": 1761712344969,
  "test/integration/pages/JourneyRunner.js": 1761712345061,
  "test/integration/opaTests.qunit.js": 1761712344929,
  "test/integration/pages/KeyCustomersObjectPage.js": 1761712344969,
  "test/testsuite.qunit.js": 1761712344757,
  "xs-app.json": 1761901372702,
  "manifest.json": 1761724341964,
  "Component.js": 1761712343665,
  "test/integration/pages/KeyCustomersList-dbg.js": 1761712344969,
  "test/integration/pages/KeyCustomersList.js.map": 1761901387887,
  "test/integration/FirstJourney-dbg.js": 1761712345009,
  "test/integration/FirstJourney.js.map": 1761901387894,
  "test/integration/pages/JourneyRunner-dbg.js": 1761712345061,
  "test/integration/pages/JourneyRunner.js.map": 1761901387889,
  "test/integration/opaTests.qunit-dbg.js": 1761712344929,
  "test/integration/opaTests.qunit.js.map": 1761901387899,
  "test/integration/pages/KeyCustomersObjectPage-dbg.js": 1761712344969,
  "test/integration/pages/KeyCustomersObjectPage.js.map": 1761901387890,
  "test/testsuite.qunit-dbg.js": 1761712344757,
  "test/testsuite.qunit.js.map": 1761901387893,
  "Component-dbg.js": 1761712343665,
  "Component.js.map": 1761901387892,
  "Component-preload.js": 1761901388115,
  "Component-preload.js.map": 1761901388116,
  "i18n/i18n.properties": 1761712389017,
  "ext/fragment/Testsection.fragment.xml": 1761717521294,
  "test/testsuite.qunit.html": 1761712344269,
  "test/flpSandbox.html": 1761712344265,
  "assets/prospect-report.png": 1761722587026,
  "assets/prospect-report.jpg": 1761722587022,
  "assets/prospect-report-before.pdf": 1761722587014,
  "assets/prospect-report-after.pdf": 1761722587014,
  "assets/ContractIcon.png": 1761722587010,
  "index.html": 1761712343733
}